Model,R2,RMSE
Random Forest,0.8669975212532233,0.20281783435109463
Linear Regression,0.5398131680616941,0.37726226454955863
Decision Tree,0.7532990410160448,0.27622417966964097
