Actual,Predicted,Delta
2.9,2.975000000000001,0.07500000000000107
3.9,3.539000000000001,0.3609999999999989
2.8,2.711999999999999,0.08800000000000097
2.3,2.290000000000001,0.009999999999998899
3.2,3.0629999999999997,0.13700000000000045
